title,url,module
sistemas-microniformaticos-redes,https://www.todofp.es/que-estudiar/familias-profesionales/informatica-comunicaciones/sistemas-microniformaticos-redes/atribucion-docente.html,Redes locales
sistemas-microniformaticos-redes,https://www.todofp.es/que-estudiar/familias-profesionales/informatica-comunicaciones/sistemas-microniformaticos-redes/atribucion-docente.html,Servicios en red
sistemas-microniformaticos-redes,https://www.todofp.es/que-estudiar/familias-profesionales/informatica-comunicaciones/sistemas-microniformaticos-redes/atribucion-docente.html,Seguridad Informática
sistemas-microniformaticos-redes,https://www.todofp.es/que-estudiar/familias-profesionales/informatica-comunicaciones/sistemas-microniformaticos-redes/atribucion-docente.html,Aplicaciones web
sistemas-microniformaticos-redes,https://www.todofp.es/que-estudiar/familias-profesionales/informatica-comunicaciones/sistemas-microniformaticos-redes/atribucion-docente.html,Proyecto intermodular
sistemas-microniformaticos-redes,https://www.todofp.es/que-estudiar/familias-profesionales/informatica-comunicaciones/sistemas-microniformaticos-redes/atribucion-docente.html,Sostenibilidad aplicada al sistema productivo
sistemas-microniformaticos-redes,https://www.todofp.es/que-estudiar/familias-profesionales/informatica-comunicaciones/sistemas-microniformaticos-redes/atribucion-docente.html,Digitalización aplicada a los sectores productivos (GM)
tecnico-seguridad-gm,https://www.todofp.es/que-estudiar/familias-profesionales/seguridad-medio-ambiente/tecnico-seguridad-gm/atribucion-docente.html,Tecnología aplicada a la seguridad
tecnico-seguridad-gm,https://www.todofp.es/que-estudiar/familias-profesionales/seguridad-medio-ambiente/tecnico-seguridad-gm/atribucion-docente.html, Proyecto intermodular
tecnico-seguridad-gm,https://www.todofp.es/que-estudiar/familias-profesionales/seguridad-medio-ambiente/tecnico-seguridad-gm/atribucion-docente.html,Sostenibilidad aplicada al sistema productivo
tecnico-seguridad-gm,https://www.todofp.es/que-estudiar/familias-profesionales/seguridad-medio-ambiente/tecnico-seguridad-gm/atribucion-docente.html, Digitalización aplicada a los sectores productivos (GM)
admin-sist-informaticos-red,https://www.todofp.es/que-estudiar/familias-profesionales/informatica-comunicaciones/admin-sist-informaticos-red/atribucion-docente.html,Planificación y administración de redes
admin-sist-informaticos-red,https://www.todofp.es/que-estudiar/familias-profesionales/informatica-comunicaciones/admin-sist-informaticos-red/atribucion-docente.html,Gestión de bases de datos
admin-sist-informaticos-red,https://www.todofp.es/que-estudiar/familias-profesionales/informatica-comunicaciones/admin-sist-informaticos-red/atribucion-docente.html,Lenguajes de marcas y sistemas de gestión de información
admin-sist-informaticos-red,https://www.todofp.es/que-estudiar/familias-profesionales/informatica-comunicaciones/admin-sist-informaticos-red/atribucion-docente.html,Servicios de red e Internet
admin-sist-informaticos-red,https://www.todofp.es/que-estudiar/familias-profesionales/informatica-comunicaciones/admin-sist-informaticos-red/atribucion-docente.html,Implantación de aplicaciones web
admin-sist-informaticos-red,https://www.todofp.es/que-estudiar/familias-profesionales/informatica-comunicaciones/admin-sist-informaticos-red/atribucion-docente.html,Administración de sistemas gestores de bases de datos
admin-sist-informaticos-red,https://www.todofp.es/que-estudiar/familias-profesionales/informatica-comunicaciones/admin-sist-informaticos-red/atribucion-docente.html,Seguridad y alta disponibilidad
admin-sist-informaticos-red,https://www.todofp.es/que-estudiar/familias-profesionales/informatica-comunicaciones/admin-sist-informaticos-red/atribucion-docente.html,Proyecto intermodular de administración de sistemas informáticos en red
admin-sist-informaticos-red,https://www.todofp.es/que-estudiar/familias-profesionales/informatica-comunicaciones/admin-sist-informaticos-red/atribucion-docente.html,Sostenibilidad aplicada al sistema productivo
admin-sist-informaticos-red,https://www.todofp.es/que-estudiar/familias-profesionales/informatica-comunicaciones/admin-sist-informaticos-red/atribucion-docente.html,Digitalización aplicada a los sectores productivos (GS)
des-aplicaciones-multiplataforma,https://www.todofp.es/que-estudiar/familias-profesionales/informatica-comunicaciones/des-aplicaciones-multiplataforma/atribucion-docente.html,Bases de Datos
des-aplicaciones-multiplataforma,https://www.todofp.es/que-estudiar/familias-profesionales/informatica-comunicaciones/des-aplicaciones-multiplataforma/atribucion-docente.html,Programación
des-aplicaciones-multiplataforma,https://www.todofp.es/que-estudiar/familias-profesionales/informatica-comunicaciones/des-aplicaciones-multiplataforma/atribucion-docente.html,Lenguajes de marcas y sistemas de gestión de información
des-aplicaciones-multiplataforma,https://www.todofp.es/que-estudiar/familias-profesionales/informatica-comunicaciones/des-aplicaciones-multiplataforma/atribucion-docente.html,Entornos de desarrollo
des-aplicaciones-multiplataforma,https://www.todofp.es/que-estudiar/familias-profesionales/informatica-comunicaciones/des-aplicaciones-multiplataforma/atribucion-docente.html,Acceso a datos
des-aplicaciones-multiplataforma,https://www.todofp.es/que-estudiar/familias-profesionales/informatica-comunicaciones/des-aplicaciones-multiplataforma/atribucion-docente.html,Programación multimedia y dispositivos móviles
des-aplicaciones-multiplataforma,https://www.todofp.es/que-estudiar/familias-profesionales/informatica-comunicaciones/des-aplicaciones-multiplataforma/atribucion-docente.html,Programación de servicios y procesos
des-aplicaciones-multiplataforma,https://www.todofp.es/que-estudiar/familias-profesionales/informatica-comunicaciones/des-aplicaciones-multiplataforma/atribucion-docente.html,Proyecto intermodular de desarrollo de aplicaciones multiplataforma
des-aplicaciones-multiplataforma,https://www.todofp.es/que-estudiar/familias-profesionales/informatica-comunicaciones/des-aplicaciones-multiplataforma/atribucion-docente.html,Sostenibilidad aplicada al sistema productivo
des-aplicaciones-multiplataforma,https://www.todofp.es/que-estudiar/familias-profesionales/informatica-comunicaciones/des-aplicaciones-multiplataforma/atribucion-docente.html,Digitalización aplicada a los sectores productivos (GS)
des-aplicaciones-web,https://www.todofp.es/que-estudiar/familias-profesionales/informatica-comunicaciones/des-aplicaciones-web/atribucion-docente.html,Bases de Datos
des-aplicaciones-web,https://www.todofp.es/que-estudiar/familias-profesionales/informatica-comunicaciones/des-aplicaciones-web/atribucion-docente.html,Programación
des-aplicaciones-web,https://www.todofp.es/que-estudiar/familias-profesionales/informatica-comunicaciones/des-aplicaciones-web/atribucion-docente.html,Lenguajes de marcas y sistemas de gestión de información
des-aplicaciones-web,https://www.todofp.es/que-estudiar/familias-profesionales/informatica-comunicaciones/des-aplicaciones-web/atribucion-docente.html,Entornos de desarrollo
des-aplicaciones-web,https://www.todofp.es/que-estudiar/familias-profesionales/informatica-comunicaciones/des-aplicaciones-web/atribucion-docente.html,Desarrollo web en entorno servidor
des-aplicaciones-web,https://www.todofp.es/que-estudiar/familias-profesionales/informatica-comunicaciones/des-aplicaciones-web/atribucion-docente.html,Despliegue de aplicaciones web
des-aplicaciones-web,https://www.todofp.es/que-estudiar/familias-profesionales/informatica-comunicaciones/des-aplicaciones-web/atribucion-docente.html,Proyecto intermodular de desarrollo de aplicaciones web
des-aplicaciones-web,https://www.todofp.es/que-estudiar/familias-profesionales/informatica-comunicaciones/des-aplicaciones-web/atribucion-docente.html,Sostenibilidad aplicada al sistema productivo
des-aplicaciones-web,https://www.todofp.es/que-estudiar/familias-profesionales/informatica-comunicaciones/des-aplicaciones-web/atribucion-docente.html,Digitalización aplicada a los sectores productivos (GS)
ce-inteligencia-artificial-bigdata,https://www.todofp.es/que-estudiar/familias-profesionales/informatica-comunicaciones/ce-inteligencia-artificial-bigdata/atribucion-docente.html,Modelos de Inteligencia Artificial
ce-inteligencia-artificial-bigdata,https://www.todofp.es/que-estudiar/familias-profesionales/informatica-comunicaciones/ce-inteligencia-artificial-bigdata/atribucion-docente.html,Sistemas de  aprendizaje automático
ce-inteligencia-artificial-bigdata,https://www.todofp.es/que-estudiar/familias-profesionales/informatica-comunicaciones/ce-inteligencia-artificial-bigdata/atribucion-docente.html,Programación de Inteligencia Artificial
ce-ciberseguridad-entornos-tecnologias-informacion,https://www.todofp.es/que-estudiar/familias-profesionales/informatica-comunicaciones/ce-ciberseguridad-entornos-tecnologias-informacion/atribucion-docente.html,Incidentes de ciberseguridad
ce-ciberseguridad-entornos-tecnologias-informacion,https://www.todofp.es/que-estudiar/familias-profesionales/informatica-comunicaciones/ce-ciberseguridad-entornos-tecnologias-informacion/atribucion-docente.html,Hacking ético
ce-ciberseguridad-entornos-tecnologias-informacion,https://www.todofp.es/que-estudiar/familias-profesionales/informatica-comunicaciones/ce-ciberseguridad-entornos-tecnologias-informacion/atribucion-docente.html,Normativa de ciberseguridad
ce-desarrollo-videojuegos-realidad-virtual,https://www.todofp.es/que-estudiar/familias-profesionales/informatica-comunicaciones/ce-desarrollo-videojuegos-realidad-virtual/atribucion-docente.html,Programación en red e inteligencia artificial
ce-desarrollo-videojuegos-realidad-virtual,https://www.todofp.es/que-estudiar/familias-profesionales/informatica-comunicaciones/ce-desarrollo-videojuegos-realidad-virtual/atribucion-docente.html,"Diseño, gestión, publicación y producción"
ce-lenguaje-phyton,https://www.todofp.es/que-estudiar/familias-profesionales/informatica-comunicaciones/ce-lenguaje-phyton/atribucion-docente.html,Entornos y sintaxis en Python
ce-lenguaje-phyton,https://www.todofp.es/que-estudiar/familias-profesionales/informatica-comunicaciones/ce-lenguaje-phyton/atribucion-docente.html,Estructuras de control en Python
ce-lenguaje-phyton,https://www.todofp.es/que-estudiar/familias-profesionales/informatica-comunicaciones/ce-lenguaje-phyton/atribucion-docente.html,Programación orientada a objetos
ce-lenguaje-phyton,https://www.todofp.es/que-estudiar/familias-profesionales/informatica-comunicaciones/ce-lenguaje-phyton/atribucion-docente.html,Análisis de datos con Python
ce-fabricacion-inteligente,https://www.todofp.es/que-estudiar/familias-profesionales/instalacion-mantenimiento/ce-fabricacion-inteligente/atribucion-docente.html, Entornos conectados a red e internet de las cosas
